listedproductname,commonproductname
"Sushi en sashimi menu J, 45 stuks",sashimi
Turkse pizza met kaas en salade,turkish pizza
Tjauwmin Moksie Metie Groenten ,moksi meti
"Shoarma, kipfilet, kebab, lamskotolet( 6 pers)",chicken shoarma
Bami Goreng met ei en ham,bami goreng
Fles witte wijn 750 ml,white wine
"Babi Pangang Mager, ko lo kai + 2 saté",babi pangang
Kipfilet circa 250 gram,chicken
Roti kip (bot) speciaal,chicken roti
Moksie meti met surinaamse nasi,moksi meti
Chinese bami met kip,bami goreng chicken
"Sake sashimi, 19 stuks",salmon sashimi
Indische Rijsttafel 1 pers.,indian rice platter
Kebab schotel 2 pers. ,kebab platter
Mihoen goreng met groente,bami goreng
Tjap Tjoy met biefstuk,chop suey
"Mixed grill (1 persoon, 3 soorten vlees)",grill platter
Bami Goreng gewoon klein,bami goreng
Pizza passaporto 36 cm,pizza
Rijst met kip in soja - speciaal,chicken rice
Babi Pangang en Kip kerrie,babi pangang
Pekingeend met pikante saus,hot sauce
Foe yong hai à la Golden Pauw,egg foo young
Bami goreng met ossenhaas,bami goreng
Nasi of bami goreng zonder vlees,bami goreng
Kaeng Phed Ped Yang,red curry
New York Super Fudge Chunk 500ml,ben and jerrys new york super fudge chunk
Babi Pangang en Foe Yong Hai,babi pangang
Spare Ribs Zoet (Groot),spare ribs
Foe yong hai met ossenhaas,egg foo young
Tjap Tjoy met Chinese garnalen,chop suey
"Extra champignons, paprika, ui",mixed vegetables
Chocolate Fudge Brownie (500ml),ben and jerrys chocolate fudge brownie
Gesneden Varkensvlees Met paprika en zwarte bonensaus,bean sauce
Tjap tjoy met Chinese garnalen,chop suey
Bami goreng Taising Express,bami goreng
Broodje kip en kouseband,chicken sandwich
Gesneden biefstuk met kerriesaus,steak
Bami goreng met gesneden biefstuk van de haas,bami goreng
Koe Loe Yuk (gepan. varkensvlees met zoetzure saus),koe loe
Chinese Garnalen met pikante saus,shrimp
Ben & Jerry's Chunkey Monkey 500ml,ben and jerrys chunky monkey
"Pizza funghi prosciutto, 32 cm",pizza funghi
Ali Baba schotel (Döner),döner platter
Patat met kippepoot en mayonaise,fried chicken with fries
Crema di pomodore soep,tomato soup
Mittagsangebot - Pizza Salami - Schinken - Peperoni,pizza salami
Spare Ribs Naturel (Klein),spare ribs
Chinese hoi sin met kip en Basmati rijst,hoisin sauce
Bami met kip en groenten,chicken
Gyros Sahnesauce Pommes frites,fries
Lak Cheung Cha Sieuw,char siu
broodje hamburger spec. extra,burger
Turkse pizza met salade,turkish pizza
Babi pangang met zoetzuursaus,babi pangang
Kipblokjes met Chinese champignons,chinese mushrooms
Happy Hour: Pizza Chicken mit Tomatensauce,chicken pizza
Shoarma en Kebab Schotel,kebab platter
"Pizza San Diego, Maxi",pizza
Babi Pangang met Kung Bo Kai en saté,babi pangang
Cola Light 33 cl,cola light
Mergez Schotel - pittige worstjes,sausage platter
Tjaw Min Ketjap Kip (stukjes),soy chicken
Gebratener Eierreis (mit Hühnerfleisch),fried rice
Babi pangang met ananas,babi pangang
Turkse Pizza met kaas,turkish pizza
"Pizza tonno, 32 cm",pizza tonno
Kipfilet met kerrie saus,chicken curry
Mihoen goreng met saté,bami goreng
familie mixed grill schotel,grill platter
Balti Chicken with Vegetable,balti chicken
Classic Pizza (10 inch),pizza
Mihoen Goreng met kipfilet,bami goreng
Smile Menu 2 ( 10 stuks ),meal
Nasi met kip in kerrie,chicken curry
Mario mix grill (2 personen),grill platter
New York Super Fudge Chunk (100ml),ben and jerrys new york super fudge chunk
Hotwings of kipnuggets 25 stuks,chicken nuggets
Salmone al vino bianco,white wine
Ham & Mushroom (10 inch),ham and mushrooms
Lipton Ice Tea met bubbles,iced tea
Tahu chua ngot (groot),chua ngot
Hele eend in zoetzure saus (gefileerd),sweet sour sauce
Foe Yong Hai Sampo,egg foo young
"Becks Pilsener -alkoholfrei (20x0,5)",becks pils
TAHU CHUA NGOT (GROOT),chua ngot
Shoarma super deluxe varkensvlees,shoarma
"Pizza mit Salami, Peperoni, Champignons und Artischocken",pizza salami
Große California Roll mit Lachs ,california roll
Chinese bami met garnalen en groenten,fried shrimps
Bami goreng met kipfilet,bami goreng
Pita kip met kaas,chicken pita
"Häagen Dazs Vanilla Pecan, 500 ml",ice cream
Grote bak patat ketchup,fries with ketchup
Rijst met bruine bonen en rundvlees,beans
Pizza Napolitana 45 cm,pizza napolitana
Thai Green Curry King Prawn,prawns
A7. Cha Siu (Chin. Geroosterd vlees) ,char siu
Pizza Tonno e Cipola,pizza tonno
Bami goreng LEE GARDEN,bami goreng
Broodje kebab (halal groot),döner kebab
Filetto di Manzo con Salsa di Pepe Verde,pepper sauce
Kindermenu (patat met 2 stokjes saté),chicken satay
mix grill 2 personen,grill platter
Bami goreng met ossenhaas en groenten,bami goreng
"Menu 3, voor 4 personen",meal
Hot Saté schotel + geb. Aardappelen,chicken satay
Foe yong hai met kleine garnalen,egg foo young
"Roti lams speciaal + groente, ei en salade",lamb
Tjap tjoy met vlees,chop suey
Balti King Prawn Saag,prawns
GADO GADO MET RIJST,gado gado
Spaghetti Frutti Di Mare,frutti di mare
Ramses Mix Grill 4 personen,grill platter
Broodje bakkeljauw met kouseband,fish sandwich
Phad Thai Ruam Mit,phad thai
Crunchy Chicken Burger mit Käse,chicken burger
"Babi Pangang mager, kipblokjes in kerriesaus en twee stokjes sat",babi pangang
Pizza calzone döner speciale,pizza calzone
Mineral Water - Still,water
Tortellini Aglio e Olio,pasta aglio e olio
Pizza Frutti di Mare,frutti di mare
Tjaumin Moski Meti normaal,moksi meti
Portie kip met kerrie,chicken curry
Khaow Phad Mixed Large,khao phad
Nasi of Bami Goreng met ei,bami goreng
Garnalen met Chinese champignons,chinese mushrooms
Lahmacun met kipshoarma en kaas,cheese shoarma
Paglia e Fieno Campagnola,paglia e fieno
Millawat Balti Chicken and Lamb,balti chicken
Knoblauch Surschnitzel vom Schwein,schnitzel
Bak witte rijst groot,rice
"Indische Mango Lassi 0,4 l",mango smoothie
Kip bami loempia speciaal,spring roll
Pasta al 4 Formaggi,pasta quattro formaggi
Grillplatte für 2 Personen,grill platter
blikje lipton ice tea lemon,iced tea
Fles Witte Wijn droog (750 cl),white wine
Gebackene Banane & Ananas,fried banana
"Fles rode wijn (0,375 ml)",red wine
"Gebratener Reis mit Krabben, Gemüse und Ei",fried rice
Gebratene Nudeln mit Schweinefleisch,fried noodles
Babi Pangang in balisaus,babi pangang
Gebratene Nudeln mit Krabben und verschiedenem Gemüse,fried noodles
NEU Tortellini Quattro Formaggi,tortellini quattro formaggi
Pizza stella del mare,pizza
Chocolate Fudge Brownie (500ml),ben and jerrys chocolate fudge brownie
Mittagsangebot - Gnocchi Gorgonzola,gnocchi gorgonzola
Kinderbox - Pizza Margherita,pizza margherita
Mixed Grill De Nijl 2 Personen,grill platter
Shoarma / kipfilet schotel,chicken platter
Shoarma / spare-ribs schotel,spare ribs
Broodje bakkeljauw in tomaat,fish sandwich
Turkse pizza met kipdöner,turkish pizza
Filet Americain met ei en ui,steak tartare
Varkenshaas met Chinese garnalen,shrimp
Ga xa ot (klein),xa ot
Häagen Dazs Macadamis Nut Brittle 100g,ice cream
"Pizza Salami, 30 cm",pizza salami
"Chicken Wings, 6 Stück",chicken wings
Spare ribs hot (klein),spare ribs
Pizza Frutti di Mare,frutti di mare
"Pizza Frutti di mare (35 cm), 0,33l Getränk",frutti di mare
Coca Cola blik (light),coca cola
Tagliatelle Verdi con Pesce,tagliatelle verde
Gebraden kip met ananas,hawaii chicken
Pizza Salami - Schinken - Paprika,pizza salami
"0,75 LT. WIJN ROOD",red wine
Kapsolon  met Shoarma,kapsalon shoarma
Angebot - Pizza Salami (33 cm),pizza salami
Sparkling Mineral Water 33cl,water
Häagen-Dazs Pralines & Cream,ice cream
bean sprout stir fry,stir fry
Bruine bonen met rundvlees,beans
Putengeschnetzeltes in Curry Sauce,curry sauce
Spare ribs zoet klein,spare ribs
MIX SALAT I PITA,pita with salad
Margherita (V) (15 inch),pizza margherita
egg fried rice with mixed vegetables,fried rice
"Häagen Dazs Cookies & Cream, 100 ml",ice cream
King Prawn with Pineapple,prawns
Pizza ai Frutti di Mare,frutti di mare
Pizzabrot mit Tomatensoße und Basilikum,pizza bread with tomato sauce
Gebratene Nudeln mit Hühnerfleisch,fried noodles
"Coca Cola Light 1,0 l",coca cola
Mixed grill van het huis,grill platter
Double Deal - Large,meal
Roti wrap kipfilet ketjap,chicken with soy sauce
Chinese Bami Goreng met Ossenhaas en Groente,bami goreng
Bami Goreng Speciaal (Tahoe + Tempeh) ,bami goreng
Broodje pita kaas gezond,cheese pita
Foe Yong Hai met chin. garnalen\r,egg foo young
Patat kip   ,fried chicken with fries
met Chinese garnalen en champignons,shrimp
Shish kebab van de grill,seekh kebab
"Coca Cola Light (0,33ltr)",coca cola
Broodje shoarma gesmolten kaas,shoarma sandwich
Tjap Tjoi zonder vlees,chop suey
"Hot chicken wings, 5 stuks",chicken wings
Chinese Rijsttafel voor 1 persoon,chinese rice
King prawn vindaloo (zeer heet),prawns
Surinaamse bami met kip,bami goreng chicken
Chinese Bami Goreng met varkenshaas,bami goreng
Chicken Wings 7 stuks,chicken wings
Surinaamse rijst met kip kerrie,chicken curry
Babi Pangang met cheung paauw saus,babi pangang
Pizza capricciosa 36 cm,pizza capricciosa
Bruine bonen met varkensvlees,beans
Babi Pangang Spec. + Tjap Tjoy,babi pangang
Super Broodje Shoarma - kip,shoarma sandwich
"Onion bhajee, 4 stuks",onion bhaji
Banane gebacken mit Honig,fried banana
Chinese Rijsttafel (1 persoon),chinese rice
roti kippenlever met ei,chicken roti
Chinese garnalen met tomatensaus en groente,shrimp
Tjap Tjoy en 1/4 kip,chop suey
Kipfilet met ketjap saus,chicken with soy sauce
Tjap tjoy met runderhaas,chop suey
Ben & Jerrys Cherry Garcia 500 ml,ice cream
Cheese en Garlic Nan,garlic naan
Babi pangang speciaal en tjap tjoy,babi pangang
Shoarma & kebab schotel,kebab platter
"Sashimi, 4 zalm en 4 tonijn",salmon sashimi
Tjauw fan met tja sieuw speciaal,char siu
Gesneden biefstuk in kerriesaus,steak
Kebab & shaslick schotel,shashlik
Pizza frutti di mare,frutti di mare
Mixed grill 4 soorten,grill platter
Tortellini al Forno mit gek. Schinken,tortellini al forno
"Fles fernandes groen, 1 liter",fernandes green
Chinese bamisoep met varkensvlees,bami goreng
Foe Yong Hai varkensvlees,egg foo young
Nasi hete kipfilet (normaal),spicy chicken
Pizza Salami - Schinken - Champignons,pizza salami
"Häagen Dazs Vanilla Caramel Brownie, 500 ml",ice cream
Caramel Chew Chew (500ml),meal
Paglia e Fieno Vongole,paglia e fieno
Gebr. Nudeln mit Rindfleisch und Sojakeimen,beef noodles
Tortellini mit Tomaten-Sahnesauce und frischem Lachs und Knoblau,tomato sauce
Nasi Moksi Meti speciaal,moksi meti
Große California Roll mit Krebsfleisch ,california roll
Bami met Babi Pangang en 3 stuks Sate,babi pangang
Foe Yong Hai (zonder vlees),egg foo young
Tagliatelle Al Forno Bolognese,tagliatelle al forno
Ossenhaas met pikante saus,hot sauce
Mixed grill (2 pers.),grill platter
Maharani ( vegetarisch menu) (1 pers),vegetarian meal
"Seekh kebab, 2 stuks",seekh kebab
Calamari ai Frutti di Mare,frutti di mare
Mini Kipfilet met champignons,chicken and mushrooms
chinees indische rijsttafel voor 2 personen,indian rice platter
Sambal Goreng gebakken aardappeltjes,fried potatoes
Chinese bami met vlees,bami goreng
Rijst met kip en bruine bonen,chicken rice
Foe Yong Hai speciaal,egg foo young
PENNE AL SALMONE (LICHT PIKANT),penne salmon
Ben & Jerrys Baked Alaska,ben and jerrys half baked
Pathia King Prawn (Hot),prawns
Jhighly Special With King Prawn,prawns
Gepaneerde visfilet met zoetzure saus,sweet sour sauce
Pizza Al Frutti di Mare,frutti di mare
Broodje ei in kerrie,egg curry
Spaghetti al Nero e Frutti di Mare,frutti di mare
Bami Goreng met kipfilet en groenten,bami goreng
Babi pangang Mager vlees Cha siew,babi pangang
Mixed Grill chicken menu 5 soorten,grill platter
PETIT PAIN SALAMI EN KAAS GEZOND,salami and cheese sandwich
Met kipfilet en groenten,chicken
Mittagsangebot - Pizza Thunfisch - Zwiebeln,pizza
Chinese Grote Garnalen met Boemboebalisaus,prawns
Spare ribs voor 2 personen,spare ribs
Amerikaanse pizza primavera 31 cm,pizza primavera
Sambal Goreng Tempe (pittig/100gr),sambal goreng
Gestoomde zeevruchten met couscous in witte wijn met verse kruid,white wine
Mixed grill (4 soort. vlees),grill platter
Shoarma en Spare Ribs,spare ribs
"Kip kerrie & rijst	",chicken curry
Miehoen Goreng met kipblokjes,bami goreng
Grote Schotel gyros met champignons,gyros
Apfelsaft (1 l Flasche),apple juice
Broodje shoarma super lams,shoarma sandwich
Mixed grill (5 soort. vlees),grill platter
Mix schotel shoarma en hot chicken,shoarma platter
Happy Hour: Bandnudeln mit Sauce nach Wahl,sauce
Lamb Tikka - Tandoori Special,lamb tikka
Grillplatte für 2 Personen,grill platter
Shoarma schotel met pirzola,shoarma platter
Lams shoarma klein ,lamb shoarma
"Coca Cola fles 1,5 ltr",coca cola
Italienischer Salat mit Schafskäse,italian salad
Pizza Empire State Buildung,pizza
King prawn madras champignons (heet),prawns
BBQ Chicken (12 inch),barbecue chicken
szechuan spicy chilli beef,chili
Maccaroni Aglio e Olio,pasta aglio e olio
"Berliner Kindl Jubi 0,5 l",berliner kindl
chilli and cheese naan,chili cheese nuggets
"Pizza Margherita, 25 cm",pizza margherita
"Coca-cola light 1,5 l",coca cola
sliced lamb with ginger and spring onion,lamb with ginger
Geroosterde eend met Chinees champignons,chinese mushrooms
"Mineralwasser ohne Kohlensäure 1,5l",water
Pizza Calzone normal gefüllt,pizza calzone
Gebratene Ente a la Shanghai,roast duck
Kung Pao Chu (pikant),kung pao
Broodje cheese burger extra super,cheeseburger
Mittagsangebot - Pizza Thunfisch,pizza
Mix van seizoengroenten met kipfilet,chicken
Pizza ai Frutti di Mare,frutti di mare
Stir Fried Mixed Vegetables in Chilli Sauce,chili sauce
Mini schotel shoarma kip,shoarma platter
Mihoen goreng met kip,bami goreng
Tjap tjoy met kip,chop suey
FOE YONG HAI MET VARKENSVLEES,egg foo young
Risotto Frutti di Mare,frutti di mare
Khaow Phat bami met beef,khao phad
"Pizza Salami-Champignons, 25 cm",pizza salami
"Flammkuchen mit Speck, Zwiebeln und Champignons",tarte flambée
Pizza Zwiebeln & Thunfisch,pizza cipolla
gebakken ei met ontbijtspek,fried egg
Garlic Chilli Balti With King Prawn,prawns
"Nestea Pfirsich 0,5 l",nestea peach
Broodje frikandel grof speciaal,frikadeller sandwich
Turkse pizza met donerkebab,pizza döner
Tandoori Mug ( half),tandoori
balti set meal for two,meal
Ben & Jerrys Strawberry Cheesecake,strawberry cheesecake
Shish Kebab - Large,seekh kebab
"0,75 l Zoete rode wijn, Lambrusco",red wine
Pizza 4 Käse Zeiten,cheese pizza
Chicken- oder Lamm Tikka Masala,lamb tikka
SHOARMA EN SPARE RIBS,spare ribs
choi sum with garlic sauce,garlic sauce
Chicken Bhuna (Medium Hot),chicken bhuna
"Pizza Quattro Formaggio [Klein, Ø 20cm]",pizza quattro formaggi
Pizza Prociutto e Funghi,pizza prosciutto
Pasta Frutti de Mare,frutti di mare
"Chicken Nuggets, 6 Stück",chicken nuggets
Gebratener Reis mit Rindfleisch,fried rice
Pizza Polo - scharf,chicken pizza
Broodje shoarma lams met kaas,shoarma sandwich
Spare ribs zoet (klein),spare ribs
Kipfilet met Chinese champignons,chinese mushrooms
Turkse salami pizza met fetakaas,pizza feta
Bottle of Diet Coke,diet coke
Foe Yong Hai met krab,egg foo young
Kaiser Burger Menü ,burger
schotel falafel vegetarisch groot,falafel platter
Rouleaux de printemps au porc laqué et scampis,spring roll
Paniertes Schnitzel mit Jägersauce,schnitzel
Pita kaas hot chicken,spicy chicken
Cajun Butterfly Chicken Breast and Side Salad,chicken
Southern Louisiana Deep Fried Chicken,fried chicken
Margherita (V) (15 inch),pizza margherita
stir fried beef with mixed vegetables,vegetable
Bl. Coca Cola Zero,coca cola
Chicken Massala (Subtly Spiced),chicken masala
"Gesneden kip met knoflook, boter en ketjap",chicken
Verse Jus dOrange 0.25l,orange juice
Pizza ai Frutti di Mare,frutti di mare
"Pizza Bolognese Speziale, mild",pizza bolognese
Pasta Aglio e Olio,pasta aglio e olio
Ajam Pangang en saté,ajam pangang
Ingwer-Gemüse mit Ente Kross,crispy duck
Roti kipfilet groot met ei,chicken roti
Carpaccio de saumon aux oignons rouges,carpaccio salmon
"Chicken Wings, 12 Stück",chicken wings
Schotel speciaal + frietjes,meal
Chicken Wings 8 stuks,chicken wings
bottle of diet coke,diet coke
126. Mixed Vegetables & Rice ,vegetable
Portion Chili - Sauce,chili sauce
Pizza Tonno e Cipolla,pizza tonno
Foe yong hai met witte rijst,rice
Mini loempia (6 stuks),spring roll
Beef with Green Peppers in Black Bean Sauce and Chilli,bean sauce
Spareribs met zwarte bonensaus,bean sauce
"Häagen Dazs Baileys, 500 ml",ice cream
Babi Pangang met Balisaus,babi pangang
Frutti di mare speciale,frutti di mare
Becks Lemon - 6er Pack,becks green lemon beer
Mittagsangebot - Pizza Sardellen,pizza
Foe Yong Hai met varkensvlees,egg foo young
Mihoen Goreng grote garnalen,bami goreng
Broodje Shoarma King Size,shoarma sandwich
Broodje pita kaas Hawaii,cheese pita
"Spa blauw, 0.5 l",spa blauw
"Pizza speciale valentino, 36 cm",pizza
Chinese rijsttafel voor twee personen,chinese rice
Red Bull Energy Drink sugarfree ,red bull
Hühner oder Schwein cordon Bleu,cordon bleu
Fray Leon Dauvignon Blanc,sauvignon blanc
Pizza mit Thunfisch und Zwiebeln,pizza tonno
Nasi of bami goreng Ka Sing,bami goreng
Vegetarische Menu voor 2 personen,vegetarian meal
Sushi-Spar-Menü 2 (für 3 Personen),meal
Menu 22 Gado-gado Vegetarisch,gado gado
Caesar Salat & Steak,caesar salad
Becks Gold (+ 0.08 € Pfand),becks gold beer
Tempura California Roll ,california roll
pierogie z kapusta i grzybami,cabbage pierogi
Broodje Shoarma met kaas (sandwich shoarma meat with cheese),shoarma sandwich
Tjaumin Kerrie kip speciaal,chicken
Broodje shoarma extra super,shoarma sandwich
Tjap Tjoy met Chinese garnalen,chop suey
Chinese groente Paksoi met Chinese garnalen,shrimp
Kipfilet met babi pangang saus,babi pangang
Pizza Calzone One 2 One,pizza calzone
Set Meal For Two - C,meal
Spaghetti Frutti di Mare,frutti di mare
Pizza a la romano 32cm,pizza roma
Shoarma Hawaï (met ananas),shoarma
Turks broodje hete kipfilet,spicy chicken
1 Nudelgericht nach Wahl - Mittagstisch,pasta
Broodje garnalen - groot,shrimp baguette
Coca Cola Zero (0.33l),coca cola
"Huiswijn rood 0,75 L",red wine
Babi pangang met taugé,babi pangang
Roti Kip en Bruine Bonen normaal,chicken roti
stokbrood met kaas en ananas,cheese sandwich
Turkse pizza met shoarmavlees en gesmolten kaas,pizza shoarma
Kipfilet circa 200 gram,chicken
"Coca Cola light 1,0 l",coca cola
Mezzo Mix 0.33 l,mezzo mix
Chocolate Fudge Brownie (150ml),ben and jerrys chocolate fudge brownie
Tjauw min met kip,fried noodles
"kip met bacon, perzik en creme fraiche",crème fraiche
Nasi of Bami kipfilet in kerrie,bami goreng chicken
Chinese garnalen met chinese champignons,shrimp
Kip met groenten en cashewnoten,chicken
Broodje hot kip salade,chicken salad
Penne al panna proscuitto,penne alla panna
Coca Cola light (+ 0.15 € Pfand),coca cola
Chinese bami LUCKY CITY,bami goreng
Tjap Tjoy met kipfilet,chop suey
Häagen-Dazs Eiscreme Choc Choc Chip,ice cream
"Fles wijn 0,75l rood",red wine
Döner Teller mit Pommes frites,fries
Risotto Frutti di Mare,frutti di mare
kip met ananas en zoetzure saus,hawaii chicken
set meal for two,meal
Gebratener Reis mit Rindfleisch,fried rice
Gem. Salat mit Hühnerfleisch,chicken salad
balti special fish curry,fish curry
kipblokjes met Chinese champignons,chinese mushrooms
Pizza Salami - Schinken - Paprika,pizza salami
Bami kerrie kip (speciaal),chicken
Mix grill 5 soorten,grill platter
Huhn mit rotem Thai Curry,thai curry
6 Fish Fingers with Chips,fish sticks
Stir-Fried with Fresh Ginger (Pad Khing),pad khing
Große Portion Pommes frites,fries
unox chicken tonight ajam pangang 500 GR,ajam pangang
Scaloppina al Vino Bianco,scaloppina
bakje shoarma met paprika en ui (lams),shoarma
MIX GRILL 5 SOORTEN,grill platter
Hühnerfleisch Ga Xa Ot,xa ot
Indisches Bier - Cobra,indian beer
"Ritter Sport Alpenmilch, 100 g",ritter sport
"Red Bull (0,25 litre)",red bull
Tortellini Chef mit Käse überbacken,tortellini
"Pizza mit Sardellen, Kapern und Oliven",pizza napoli
Pizza Salame e Prosciutto,pizza salami
duck with cashew nuts in yellow bean sauce,cashew nuts
Nasi Goreng met 4 stokjes saté,chicken satay
Diet Coke (0.33 litre),diet coke
"Insalata di Rucola, klein",insalata rucola
Chinese garnalen met diverse saus,shrimp
Saté van de haas,beef satay
thai clear spicy soup with king prawns,prawns
"Kebab, köfte en kipfilet speciaal",chicken
Hühnerfleisch Chop Suey - mit Frühlingsrolle,chop suey
Mixed grill 5 pers.,grill platter
"Fles wijn 0,75l wit",white wine
CHINESE RIJSTTAFEL VOOR 2 PERSONEN,chinese rice
"Italiaanse bol Speciaal (sla, tonijnsalade, ui, komkommer, tomaa",bread
Nasi Moksi Meti (speciaal),moksi meti
"Haagen Dazs Ice Cream, Vanilla",ice cream
double deal large pizza,pizza
Kapsalon shoarma groot met extra vlees,kapsalon shoarma
gebratene nudeln mjam mjam,fried noodles
"Chicken Tikka Masala	 ",chicken tikka masala
Gnocchi con Spinaci (doppelte Portion),gnocchi spinaci
met ananas en zoetzure saus,sweet sour sauce
"Ben & Jerrys - Chocolate Macadamia, 500ml",ben and jerrys chocolate macadamia
Curry Schnitzel Indische Art pikant,curry schnitzel
Ente nach Szechuan-Art (scharf) - mit Frühlingsrolle,duck szechuan
"Pinot Grigio , 0,7 l",pinot grigio
Pizza Thunfisch - Tintenfisch,pizza tonno
Pizza Salami - Schinken - Peperoni,pizza salami
House Ice Cream Chocolate 500 ml,ice cream
Tjaptjoi met grote garnalen,prawns
Pizza Stella Alpina Speziale,pizza
Chicken- oder Lamm Jalfrezi,lamb jalfrezi
Beef Curry A La Dada ,beef curry
Mittagsangebot - Gebratener Reis mit Schweinefleisch,fried rice
Mittagsangebot: Ente mit 3 verschiedenen Fleischsorten,meat
Filetto di pollo alla pizzaiola,chicken pizza
stir fried bean sprouts,fried beans
"Mezzo Mix 0,33 l",mezzo mix
Turkse Pizza met kaas,turkish pizza
Pizza Frutti di Mare,frutti di mare
khaow pad sapparod Large,khao phad
Broodje lamsshoarma met paprika en ui,lamb shoarma sandwich
Kleine Portion Pommes frites,fries
Broccoli met chinese champignons,chinese mushrooms
Bami Kip Speciaal (extra kip),bami goreng chicken
Spaghetti al Salmone e Spinaci,pasta al salmone
Becks Alkoholfrei (+ 0.08 € Pfand),becks nonalcoholic beer
spicy chicken tikka masala,chicken tikka masala
american style - chocolate ice cream,ice cream
Hühnerfleisch a la Kung-Pao,kung pao
Tandoori King Prawn Massala,prawns
Portion Peperoni mit Brötchen,salami
traditional garlic bread with cheese,garlic bread
Chunky monkey 500 ml,ben and jerrys chunky monkey
crab meat and sweetcorn soup,crab meat
"Pizza Tonno [Junior, Ø 22cm]",pizza tonno
Grilled salmon with potatoes & vegetables,grilled salmon
"Filet American, ei, kappertjes en rode ui",steak tartare
Cordon Bleu mit Rahmsauce,cordon bleu
Broodje kipfilet in kerrie,chicken sandwich
Mihoen goreng met ossenhaas,bami goreng
Menü 2 - Firmenangebot - Pizza,pizza
Pizza Polo - scharf,chicken pizza
Nasi met kerrie kipfilet en kousenband,chicken curry
stir fried garlic king prawns,prawns
Diet Coke 1.5 litre bottle,diet coke
Vlees met grote Chinese champignons,chinese mushrooms
CHINESE GARNALEN MET OESTERSAUS,shrimp
Peking eend met ananas,peking duck
"Chicken Nuggets, 10 Stück",chicken nuggets
Häagen Dasz Eiscreme Vanilla 500ml,ice cream
PASTA CURRY CON CARNE,pasta curry
Pizza Tritato di Carne,pizza tritato di carne
Portion Pommes frites mit Ketchup groß,fries
Tom Yum Hot and Sour Prawn Soup,tom yam soup
Maki avocat fromage x6,avocado maki
"Vegetable Pakora, Nan and Chips",vegetable pakora
ben and jerrys strawberry cheesecake 500ml,strawberry cheesecake
Pizza Rucola und Parmesankäse,pizza rucola
Bean Burger with Cheese,cheeseburger
NORTH INDIAN GARLIC CHILLI CHICKEN,chili chicken
Spareribs menu 2 personen,spare ribs
Jalapeno Peppers with Cream Cheese,jalapenos
PET Chaufontaine rood (water),water
Come Wok Thai Nudeln mit Ente,duck noodles
Nr. 339 - Kanpyo Maki,kanpyo maki
Chinese garnalen met champignons,shrimp
Rigatoni alla Panna e Prosciutto,rigatoni alla panna
World Best Mrs. Gyros,gyros
Kip speciaal met kipfilet en kaas,chicken
Mittags-Deal World Pizza Hawaii,pizza hawaii
Mixed grill 5 soorten vlees,grill platter
Pizza super supreme 31 cm,pizza
3/4 liter Witte wijn,white wine
Chinese garnalen met tausi,shrimp
Bami goreng met Chinese garnalen,bami goreng
Nasi goreng met chinese garnalen,shrimp
Koe Loe Yuk en Foe Yong Hai,egg foo young
Bami goreng met spiegelei en vlees,bami goreng
Gebraden halve kip met pindasaus,chicken
"Turkse Pizza met shoarma, kaas en sla",pizza shoarma
Bami met gestoofde kip en groenten,chicken
"Fles fernandes rood, 1 liter",fernandes red
Javaanse Bami met geroosterde kip gewoon,roast chicken
Cha Siu Bami soep,char siu
Kipfilet circa 200 gram,chicken
Chicken kurma champignons (mild),chicken korma
Gebratener Reis mit Hühnerbrust und verschiedenem Gemüse,fried rice
Basis pizza met 1 ingredient,pizza
"Mozzerella, tomaat en pesto",insalata caprese
Pangsit Goreng (6 stuks),wan tan
Tandoori Chicken Tikka Massallah,chicken tikka masala
"Heineken Blik 0,5 liter",heineken beer
"Broodje Shoarma Shalom (sandwich shoarma meat, onions, paprika ",shoarma sandwich
Pizza fantasia del cuoco,pizza
Runderhaas met Chinese champignons,chinese mushrooms
Schweinefleisch mit Paprika und Bambus,pork with paprika
Roti kip groot met ei,chicken roti
ca 3 x Patat klein (zak),fries
Gesneden kip in Malakka saus,chicken
Jus dorange / banaan klein,orange juice
"Spa Blauw 0,5 lt",spa blauw
Halve Caribbean kip met rijst,chicken rice
Royal Club Bitter Lemon,bitter lemon
"Tjap tjoy, koe loe yuk en saté",chop suey
Tortellini a la Forno (überbacken),tortellini al forno
Gesneden biefstuk in knoflooksaus,steak
Mini schotel Hamburger (mini dish burger),fish burger
Spareribs van de lavagrill mixed speciaal,grill platter
"Pizza China Town, Small",pizza
Gebratene Nudeln mit Gemüse,fried noodles
Canneloni Spinaci e Ricotta,cannelloni spinaci
tjap tjoy met ossenhaas,chop suey
Gemischter Salat mit Hähnchenfleisch,mixed salad
Prosciutto di Parma e Melone,prosciutto di parma
Mixgrill Pinokkio shoarma en kip,chicken shoarma
Nasi goreng met Chinese garnalen,shrimp
Gebackene Hühnerbrust mit brauner Soße,roast chicken
Bamisoep met moksi meti,moksi meti
Rigatoni - al - Forno,rigatoni al forno
Lamb tikka jal ferizi,lamb tikka
Gebratene Nudeln mit Gemüse und Ei,fried noodles
Ben & Jerrys Chocolate Fudge Brownie,ben and jerrys chocolate fudge brownie
Häagen Dazs Choc Choc Chip (500ml),ice cream
Pangsit Goreng met zoetzure saus,wan tan
Ben & Jerry`s - Chocolate Fudge Brownie,ben and jerrys chocolate fudge brownie
Gado gado met rijst,gado gado
Spaghetti Aglio e Olio,pasta aglio e olio
Foe yong hai met vlees,egg foo young
Babi Pangang en Ko Lo Yuk,babi pangang
Pizza inferno 45 cm,pizza inferno
Mihoen grote Chinese garnalen,shrimp
Rijsttafel 1 pers Chicken Curry+Chicken Pakora,chicken curry
Shoarma Hawaii mini schotel,shoarma
Roti met hete kipfilet,spicy chicken
Mezzo Mix Zero (+ 0.15 € Pfand),mezzo mix
Bami met geroosterde kip (apart),roast chicken
Gado Gado met rijst,gado gado
Mifang met kip en groente,chicken
Tjap tjoy met gesn. cha sieuw,chop suey
TURKSE PIZZA MET FETA,pizza feta
Spare Ribs Mild ,spare ribs
Grote schotel falafel speciaal,falafel platter
Mix Shoarma + Sparerib,shoarma
Familybox shoarma en spareribs,shoarma
Nasi Goreng met gesneden kipfilet,chicken
Gepaneerde kipfilet met zoetzure saus,sweet sour sauce
Gesneden kip met tausi (zwarte bonen) saus en paprika,chicken
Roti kip groente ,chicken
Mihoen of chinese bami ha yuk,bami goreng
"Witte rijst met 2 groenten, 2 vlees en ei",rice
Foe Yong Hai “Manna” ,egg foo young
King prawn do piaza,prawns
Breakfast Burger Cheese and Egg in Middle,cheeseburger
Lahmacun met shoarma en kaas en salade,cheese shoarma
"Extra champignons, paprika, ui",mixed vegetables
Gebakken tongfilet met zwarte bonensaus,bean sauce
Foe Yong Hai met cha sieuw,char siu
Gesneden biefstuk met tomatensaus,steak
Turkse pizza shoarma speciaal,shoarma
"Pizza tutti frutti, 32 cm",pizza frutti di mare
Met 2 stokjes saté en keuze uit 3 gerechten,chicken satay
Mix grill schotel shoarma,grill platter
Turkse pizza shoarma speciaal,shoarma
Spaghetti Aglio e Olio,pasta aglio e olio
Chicken grill & cocktail,grilled chicken
"Sushi Sashimi Set, klein",sashimi
Gebratene Nudeln mit drei Sorten Fleisch,fried noodles
Gebratenes Gemüse mit Entenfleisch,vegetable
Doner kebab en kipshoarma,döner kebab
Mittagsangebot 2 - Pizza Margaretha Classic,pizza
Gebratene Nudeln mit To Fu,fried noodles
Roast Duck in Orange Sauce,roast duck
Chicken Nuggets 6 Stück,chicken nuggets
Sushi - Set klein,sushi
Filetti di Sogliola al Vino Blanco,white wine
Turkse pizza met döner,pizza döner
Mihoen met kipfilet en groenten,chicken
Gebratener Reis mit 3 Sorten Fleisch,fried rice
Sushi box før 16- 7 stk,sushi box
Gemischter Salat mit Früchten,mixed salad
marinated mackerel hosomaki roll,maki
Kleine California Roll mit Frischkäse und Gurke,california roll
Pizza Frutti di Mare,frutti di mare
Pizza Zwiebeln & Thunfisch,pizza cipolla
"SAHIMI TONIJN/ZALM	 Groot ( 12 stuks )",tuna sashimi
Foe Yong Hai met krab,egg foo young
Tagliatelle Lachs - normal,tagliatelle al salmone
Egg Fried Rice ,fried rice
Pita shoarma kaas groot,cheese shoarma
Meal 14 - Lamb Tikka Kebab,lamb tikka
Pizza mit Vorderschinken & Paprika,ham pizza
Pizza Salami & Schinken,pizza salami
garlic pizza bread with cheese,garlic pizza bread
Pizza Calzone Gyros Arabic,pizza calzone
gado gado met witte rijst,rice
Chocolate Fudge Brownie 500ml,ben and jerrys chocolate fudge brownie
Pizza Trittato di Carne,pizza tritato di carne
Eierreis gebraten mit frischem Gemüse und Schweinefleisch,vegetable
Pizza Frutti di Mare,frutti di mare
Chinese garnalen met champignons,shrimp
Doner kebab hawaï klein,döner kebab
GARLIC PIZZA BREAD WITH TOMATO SAUCE,garlic pizza bread
"6 Stück Pizzabrötchen, ca. 30 cm",pizza roll
Peking eend met Chinese champignons,peking duck
"Ritter Sport Voll-Nuss, 100 g",ritter sport
Pizza Don Camillo & Peppone,pizza
Schweinefleisch mit Morcheln scharf,pork with mushrooms
Nasi met grote garnalen,prawns
Heineken Bier (blik 330 ml),heineken beer
Mihoen met gefileerde kip en groenten,chicken
Gebratenes Gemüse mit Hühnerfleisch,vegetable
Cordon Bleu vom Schwein,cordon bleu
Penne A La Arrabiata,penne arrabiata
Set Meal For One Person,meal
Calzone salami speciaal groot,calzone salami
"Hühnerfleisch mit Bambus, Pilzen",chicken bamboo
Kim-Chis knuspriges Huhn Spezial Canton,fried chicken
Broodje kaas en ananas,cheese sandwich
Kleine schotel adana kebab,adana kebab
"Pizza Milano [Single, Ø 28cm]",pizza milano
Witte rijst | White rice,rice
set meal c - for 2 persons,meal
fish curry (goa style),fish curry
Lachs Maki (12 Stück),salmon maki
Chin. garnalen met verse peper,chicken wings
"Pizza mit Salami, Schinken, Oliven und Artischocken",pizza salami
"URA MAKI (inside-out ruller) - Med 6 Nigiri: 2 laks, 2 tun, 2 re",sushi
Pizza Amerikaan 28 cm,pizza americana
Penne con Pesto rosso (doppelte Portion),penne al pesto
Murgh Ni Curry Nay Papeto,chicken curry
Poulet sauté aux feuilles de basilic,chicken satay
Extra broodje met kruidenboter,garlic bread
Pizza Aladdin (für 1 Person),pizza
coca cola light 1.5l,coca cola
Big Chicken Burger 150g,chicken burger
Bami met kip en petjil,bami goreng chicken
Chinese garnalen met Chinese champignons,shrimp
Sushi Maki Kombi 10/3,sushi
Lahmacun mit Dönerfleisch und Salat,turkish pizza döner
Insalata Fantasia (2 pers),mixed salad
Erasco Chilli con Carne,chili con carne
Rindfleisch gebraten - pikant,roast beef
Menü 2 - Firmenangebot - Nudeln & Aufläufe,noodles
Pizza Mare & Mare,seafood pizza
Thai Special Fried Rice,fried rice
Gebratene Nudeln mit Garnelen,fried noodles
Gebratener Reis mit Hühnerfleisch,fried rice
Cocktail de fruits de mer,frutti di mare
Pizza Frutti di Mare,frutti di mare
Cola light 0.33 l,cola light
2s special pizza deal - super,pizza
Gebratenes Rindfleisch mit Champignons,roast beef
Italien Salat mit Thunfisch,tuna salad
"Turkey, Ham & Bacon",turkey and ham sandwich
Shoarma met gesmolten kaas,cheese
Alu gobi (cauliflower bhaji),cauliflower bhaji
"Heineken Bier 0,33 liter",heineken beer
Kipfilet met ananas en zoetzure saus,hawaii chicken
Pita kaas en ananas,cheese pita
Pasta frutti di mare,frutti di mare
Kebab + Spare Ribs + Mergez + Shoarma,spare ribs
World Best Pizza Pollo,chicken pizza
Lahmacun kaas en ananas,turkish pizza with cheese
Kartoffeln Broccoli mit Champignons,potato gratin with broccoli
Pikante ketjap saté babi,satay noodles
Foe yong hai met gesneden kipfilet,egg foo young
Salade tonijn met dressing,tuna salad
Tortellini alla Pannas E Proscuitoo,tortellini alla panna
Saoto soep groot (met ei),soto soup
Bami Goreng met ei en vlees,bami goreng
Coca Cola 0.5 L,coca cola
"Pan Pizza [Klein, Ø 20cm]",pizza
salade bij menu: Appelmoes,salad
Chinese garnalen in hete Szechuan bonensaus,shrimp
Chicken Nuggets (9 Stück),chicken nuggets
Pralines & Cream ,häagen dazs pralines and cream
Sis Kebab schotel (groot),kebab platter
Fried Bean Curd in Chilli Sauce,chili sauce
Pita kaas en ananas,cheese pita
"Kids-Menü: Chicken Nuggets, 5 Stück",chicken nuggets
Pasta Mista Erbsen in Sahnesauce,pasta
Half Pounder Cheese Burger,cheeseburger
Spaghetti agio olio peperoncino,pasta aglio e olio
Nasi met 3 stokjes saté,chicken satay
Chinese pangsit goreng (,wan tan
Mixed Grill - 2 personen,grill platter
Ben & Jerrys Chocolate Fudge Brownie,ben and jerrys chocolate fudge brownie
Indische rijsttafel 1 persoon,indian rice platter
Shoarma Hawaii met ananas  ,shoarma
Gebratene Nudeln mit Hühnerfleisch,fried noodles
Nasi met Kipfilet speciaal,chicken
Cha sieuw met pikante saus,char siu
Tandoori Balti With Vegetable,vegetable balti
Mixed grill 4 soorten vlees,grill platter
"Mineralwasser (0,75 l Flasche)",water
Mixed Seafood Fried Noodles,fried noodles
"Chicken Wings, 5 Stück",chicken wings
Amerikaanse pizza casanova 36 cm,pizza
Gon Bao met Ossenhaas,kung pao
Peking Ravioli in Hot Red Chilli Sauce,chili sauce
New York Super Fudge Chunk (500ml),ben and jerrys new york super fudge chunk
Mittagsangebot - Pizza Spinat,pizza
Fles Coca Cola light,coca cola
"Shoarma, spareribs en kipfilet",shoarma
Tjap Tjoy met varkensvlees,chop suey
Lamb Tikka Jal Ferezi,lamb tikka
Pizza Etna 31 cm,pizza
"Chicken Wings, 10 Stück",chicken wings
Neu Pizza Quattro Formaggi,pizza quattro formaggi
Scampis van de grill,grilled prawn
Knusprige Ente mit Erdnußsauce,crispy duck
Tagliatelle Frutti di Mare,frutti di mare
Hühnerbrustfilet mit frischem Gemüse,vegetable
"Pizza San Diego, Medium",pizza
Mixed: 4 soorten vlees,meat
Gesneden biefstuk met verse broccoli,steak
Grote bak patat pinda,fries
King Size Fish Burger,fish burger
"Fanta orange 1,5 l",fanta orange
Knusprig gebackenes Putenfleisch mit verschiedenem Gemüse und Cu,vegetable
Haagen Dazs Ice Cream - Cookies and Cream,ice cream
Quick Fried Diced Chicken in Yellow Bean Sauce,bean sauce
double deal 2 large pizzas,pizza
Kai Phad Phak Raommit,phad thai
Ente mit 3 Sorten Fleisch,meat
"Babi pangang, kip met bamboe en saté",babi pangang
"Pommes frites Spezial, groß",fries
Ajam Smoor en Gado Gado,gado gado
Chicken tikka madras (med.hot),chicken tikka masala
Loempia speciaal met vlees,spring roll
Salat al Pollo Champignons,chicken salad
Nasi of Bami met saté (3 stokjes),satay noodles
Gebratener Reis mit Gemüse,fried rice
"El Che vive Energy Drink 0,25l",energy drink
Schotel Kebab  ,kebab platter
"Pasta mit Schinken, Pilze und Sahnesauce",pasta prosciutto
Paniertes Schnitzel oder Codon Bleu,cordon bleu
Mittagsangebot - Pizza Krabben,pizza
Lamm Vindaloo - scharf,lamb vindaloo
Nasi met Moksie Metie (apart),moksi meti
Brocolli mit Champignons in Sahnesauce,mushrooms with cream sauce
SHOARMA EN KIPFILET AMERICAN,chicken shoarma
Kip kebab hawaï groot,chicken kebab
Pizza Famiglia für 7,pizza
Shish Kebab Khybari - Subtly Spiced,seekh kebab
Maccaroni Frutti di Mare,frutti di mare
Shoarma - Shaslick - Kebab,shoarma
Durum shoarma met kaas,cheese shoarma
Gebratenes Rindfleisch Chop Suey,chop suey
Vegetarische Foe Yong Hai,egg foo young
Vegetarian Hot (V) (H) (15 inch),vegetarian meal
"Pizza Vier-Jahreszeiten, 25 cm",pizza with beer
FOE YONG HAI KRAB,egg foo young
"Sake Maki (klein, 6 Stück)",salmon maki
"Sprite  0,5 l Flasche",sprite
Chicken Wings (10 Stück),chicken wings
Pita kip met champignons en kaas,chicken and mushrooms
Chinese bami met krab en groenten,bami goreng
Putensteak a la Gorgonzola,steak gorgonzola
Tortellini Aglio e Olio,pasta aglio e olio
Rundvlees met chinese champignons,chinese mushrooms
SUSHI & SASHIMI MIX,sashimi
Gebratene Ente mit Wok Gemüse,roast duck
Grüner Salat nach Saison (groß),mixed salad
baked squid with chilli and salt,mixed salad
Rindfleisch Chop Suey - mit Frühlingsrolle,chop suey
"Ritter Sport Haselnuss, 100 g",ritter sport
Saag With King Prawn,prawns
"Onion Rings, 8 Stück",onion rings
Pita kaas en ananas,cheese pita
Krombacher Pils (+ 0.48 € Pfand),krombacher pils
Madras King Prawn (Fairly Hot),prawns
Schnitzel met champignons en ui,mushroom schnitzel
Dhansak With Lamb Tikka,lamb tikka
turkse pizza met kaas,turkish pizza
Set Meals for Two Person - D,meal
Bami goreng met garnalen,bami goreng
Butterfly King Prawn with Lemon,prawns
Coca Cola Fles 1.5l,coca cola
"Flesje Coca-Cola light 0,5L",coca cola
"Pizza Tomaten, Käse, Thunfisch",pizza
chicken in szechaun style,chicken szechuan
Hamburger + gebakken ei,fried egg
Mittagstisch Gebackenes Schweinefleisch mit süß-saurer Sauce,fried pork
Insalata Mozzarella nach indischer Art,mozzarella salad
Ente Kross - scharf,crispy duck
Pizza Alla Greca (scharf),greek pizza
Loempia speciaal met saté,spring roll
Mixed grill 3 soorten,grill platter
"Pizza Maui Magic, ca. 20cm",pizza
Chips and Curry Sauce,curry sauce
"Bratnudeln mit Krabben, groß",pasta scampi
vietnamese lemon grass king prawn,prawns
Ice tea zonder prik,iced tea
Gebratener Reis mit 3 Sorten Fleisch,fried rice
Chicken Nuggets (6 Stück),chicken nuggets
Grillplatte 2 - für 2 Personen,grill platter
Mittagsangebot: Pizza Vier Jahreszeiten,pizza
"Sprite fles 1,5 ltr",sprite
Diet Coke (1.5 litre),diet coke
Lamb Madras (Fairly Hot),lamb madras
Hot Spare-Ribs met patat,spare ribs
Pizza nr. 63 Indbagt,pizza
Lunch Box Lamb Curry with Roti,lamb curry
Bier 0.5 L Heineken,heineken beer
Pizza Gamberetti e Rucola,pizza gamberetti
Doner Kebab - Small,döner kebab
caramel chew chew 500ml,meal
Cordon Bleu mit vier Kasesorten,cordon bleu
Becks Alkoholfrei Six Pack,becks nonalcoholic beer
Lamb or Vegetable Samosas,vegetable samosa
Pizzabrötchen mit Thunfisch gefüllt,tuna pizza roll
Mixed Grill (2 personen),grill platter
Hawaii - 6 stk,hawaiian style
Gefüllte Pizzabrötchen mit Salami,salami pizza roll
Barbecueschotel shaslick Al Italiano,shashlik
Donnerstag-Gebratene Nudeln mit Hühnerfleisch,fried noodles
Verschiedenes Gemüse und Tofu,vegetable
Gebratene Nudeln mit Rindfleisch,fried noodles
Ice tea met prik,iced tea
Mixed grill 2 personen,grill platter
Rundvlees met Chinese champignons,chinese mushrooms
Mighty Meaty (14 inch),meat
Foe yong hai kipfilet,egg foo young
Tortellini alla Casa ,tortellini
Chicken Kashmir - Mittagsangebot,chicken kashmiri
Scaloppa al Vino Bianco,white wine
"Salade de saumon fumé, chévre chaud et avocat",baked goat cheese
Turkse pizza speciaal met kaas,pizza
Currywurst mit Pommes frites,fries
Gebratene Garnelen mit Zwiebeln,fried shrimps
Amerikaanse pizza fantasia 36 cm,pizza
can of diet coke,diet coke
Rindfleisch mit Bambus und Pilzen,beef bamboo shoots
balti tandoori garlic chicken chilli,chili chicken
Pizza Spinaci e Salmone,pizza spinaci
Pizza Quattro Formaggi (33 cm),pizza quattro formaggi
Plaa phad prik khing,phad prik
"PHAD THAI Nouilles sautées aux oeufs, scampis et cacahuètes",phad thai
Gebratener Eierreis mit Curry,fried rice
Mix grill kipfilet of lams,grill platter
Tjap tjoy met vlees,chop suey
Pizza Frutti di Mare,frutti di mare
"Pizza Vier Jahreszeiten [Klein, Ø 26cm]",pizza with beer
"Pizza mit Schinken, frischen Champignons und Oliven",ham pizza
Pizza Tritato di Cami,pizza tritato di carne
Gebackene Ananas mit Honig,fried pineapple
Spaghetti a la Panna,spaghetti alla panna
"Coca Cola Light 1,5l",coca cola
Pizza Prosciutto Cruolo Pizza ,pizza prosciutto
pak choi with garlic sauce,garlic sauce
Gebackenes Huhn mit Currysauce,chicken curry
"Mix alle soorten Shoarma, Kipfilet, Doner",chicken shoarma
bottle of white wine,white wine
Diet Coke (1.5 litre),diet coke
Schwein Heo Xa Ot,xa ot
Putenschnitzel paniert mit Champignonsoße,schnitzel
pita kip mexicano groot,mexican chicken
Quattro Formaggio (2 Pizzas),pizza quattro formaggi
Pizza quattro stagioni speciaal,pizza quattro stagioni
Sues special - 6 stk,meal
Menu L - Family,meal
Gebratenes Gemüse (leicht scharf),vegetable
Familie mixed grill 2,grill platter
Fried chicken 25 stuks,fried chicken
Pizza O sole mio,pizza
Foe Yong Hai (vegetarisch),egg foo young
Pasta al Forno: Tris,pasta al forno
Pizza Bruschetta mit Mozzarella,pizza
Murgh Pakora mit Chilisauce,chicken pakora
vegetarian set meal for one,meal
Broodje kipshoarma met salade,chicken sandwich
Hot Eater (H) (12 inch),water
Turkse pizza met Shoarma en kaas,pizza shoarma
Pizza Trittato Di Carne,pizza tritato di carne
Kipdöner kebab v/d spies,döner kebab
Insalata Frutti di Mare,frutti di mare
Schotel Saté van Lamshaas,chicken satay
Chicken Wings knusprig (6 Stück),chicken wings
Spaghetti of penne 4 formaggi,penne quattro formaggi
Pizza Trittato di Carne,pizza tritato di carne
Ente a la Szechuan,duck szechuan
Mittagsangebot - Pizza Margherita,pizza margherita
Witte rijst met warm vlees,rice
6 pieces of chicken,chicken
"Rindfleisch mit Bambus, Pilzen",beef bamboo shoots
Chinese garnalen met cashewnoten,shrimp
Mittagsaktion - Pizza alla Margarita (33 cm),pizza margherita
Bruine bonen met rundvlees,beans
hot & kickin chicken wings,chicken wings
Hummerkrabben Chop-Suey - scharf,chop suey
Bami Goreng met ossehaas en groenten,bami goreng
Mittagsangebot - Pizza 26 cm,pizza
beef with bamboo shoot and chinese mushrooms,bamboo shoots
kleiner Salat mit Schinken und Ei,mixed salad
Chinese garnalen in Thaise stijl,shrimp
Kahmiri kurma - Lamb,kashmiri korma
Knusprig geröstete Ente Großgarnelen,roast duck
Gebratene Nudeln mit Schweinefleisch ,fried noodles
Pizza Frutti di Mare,frutti di mare
Knusprige Ente mit Wokgemüse und Knoblauchsauce,crispy duck
Runderhaas in zwarte bonensaus,bean sauce
Broodje hamburger met kaas of ananas,burger
Tjauw min met geroosterde kip,roast chicken
Scampi gegrillt (6 Stück),grilled prawn
Mock Chicken in Black Bean Sauce,bean sauce
Pizza Quattro Stagioni ,pizza quattro stagioni
Foe Yong Hai met rundvlrees,egg foo young
Foe Yong Hai met Chinese garnalen,shrimp
Foe Yong Hai vegetarisch,egg foo young
Pizza mit Vorderschinken und frischen Champignons,ham pizza
Phad phak ruam kung,phad thai
Chicken Nuggets and Chips (6),chicken nuggets
Pizza shoarma porto doro,pizza shoarma
Free choice extra large pizza,pizza
Acht Schätze mit Reis (scharf),acht schätze
Pizza Toscana - Mittagstisch,pizza toscana
Pizza Hackfleisch & Zwiebeln,ground beef pizza
"Pizza Tonno e Cipolla [Klein, Ø 26cm]",pizza tonno
New York super fudge chunk 500 ml,ben and jerrys new york super fudge chunk
Peking eend met zoetzure saus,peking duck
Babi pangang spek met Ketjapsaus,babi pangang
Große Portion Pommes Frites,fries
Fried Chicken 20 st.,fried chicken
Häagen Dazs Strawberry Cheesecake 500ml,ice cream
Chicken Nuggets - kleine Portion,chicken nuggets
Coca Cola zero 1 l,coca cola
"Crispy Aromatic Duck Szechuan Style, Quarter",crispy duck
Roti met gesneden kipfilet,chicken
Gebratene Nudeln mit Hühnerfleisch,fried noodles
pizza jambon de parme,ham pizza
Mihoen goreng met garnalen,bami goreng
Zoete Spare-ribs Turbo (2 pers.),spare ribs
Turkse pizza Doner Kebab,döner kebab
Gado Gado met rijst,gado gado
GADO GADO    ,gado gado
Witte rijst per portie,rice
Grote garnalen in Thaise currysaus,prawns
Doner met Turks Brood,bread
Geroosterde kip met rijst,roast chicken
Nasi met Foe Yong Hai en Babi Pangang,babi pangang
Mix grill schotel döner,grill platter
Turkse pizza met extra vlees,turkish pizza
"Turkse pizza met kaas, tomaat en sla",turkish pizza
New York  (500ml),pork
Bami goreng met kipsaté,bami goreng
Shoarma schotel Mario speciaal,shoarma platter
Bara Tjap Tjoi Kip en kl. garnalen,chop suey
Babi pangang met pikante saus\r,babi pangang
Plaa Phad Prik Gang,phad prik
Tjap Tjoy met ossenhaas,chop suey
"Fanta Orange blikje  0,33 L",fanta orange
Broodje foe yong hai,egg foo young
"Pizza salami, 32 cm",pizza salami
Ossenhaas met Chinese champignons,chinese mushrooms
Kipfilet in pikante saus,hot sauce
A9. Babi Pangang spek ,babi pangang
Spare ribs van de grill (bami),spare ribs
Ben & Jerrys Half-baked,ben and jerrys half baked
Met gesneden kippensvlees en verse groenten,chicken
Tjap Tjoy met Chinese garnalen,chop suey
Foe Yong Hai Golden Palace,egg foo young
Fried chicken mix 6 stuks,fried chicken
Foe yong hai Sien Sien,egg foo young
Turkse pizza lams kaas,turkish pizza
speciaal menu a la lin,meal
Nasi Goreng met gesneden kip en diverse groenten,chicken
Chinese Bami Goreng van het Huis,bami goreng
Ben & Jerry's Strawberry Cheesecake 150ml,strawberry cheesecake
Tandoori King Prawn Jalfriazi,prawns
Portie saté (kip) 3 stokjes,chicken satay
Turks brood feta kaas,bread
"Fanta 0,33 l Dose",fanta
roti vegetarisch met ei,vegetable roti
Filetto al Pepe Verde,steak with peppercorn sauce
Pizza Quattro Stagione Jumbo,pizza quattro stagioni
Kip menu met 1/2 kip,chicken
Babi Pangang met ananas in zoetzure saus,babi pangang
Bami goreng met gesneden kipfilet,bami goreng
Moksi meti speciaal met nasi,moksi meti
Mittagsangebot - Pizza Schafskäse,pizza
pizza kip ham salami,chicken pizza
Bami met kip in kerrie,bami goreng chicken
"coca cola light 1,5l",coca cola
Tagliatelle Blanche Aglio e Olio,pasta aglio e olio
Chinese bami met Cha Sieuw,char siu
Mix grill 2 soorten vlees,grill platter
Gyros überbacken mit Blumenkohl,gyros al forno
Babi pangang met houwsaus à la chef,babi pangang
King prawn madras (med. hot),prawns
Happy Hour: Shrimps Salat,shrimp salad
"Chinese rijsttafel, 2 personen",chinese rice
Mozzarella Sticks mit Currysauce,cheese sticks
"Foe yong hai, kip kerrie en saté",chicken curry
"Wasabi sashimi mix, 27 stuks",sashimi
Broodje Shoarma De Pyramiden,shoarma sandwich
Gesneden biefstuk met paprika,steak
Gnocchi Quattro Formaggi - Blech,gnocchi quattro formaggi
Schotel Sate (4 stokjes),chicken satay
Chinese Rijsttafel 2 pers - rijst,chinese rice
Mix schotel shoarma en spareribs,shoarma platter
Chinese garnalen met botersaus,shrimp
Shoarma en kip filet,chicken shoarma
Gesneden kip met champignons,chicken and mushrooms
Karahi With King Prawn,prawns
Goan King Prawn Curry & Organic Red Rice,prawns
Kai phad prik king,phad prik
Met hete kip en kousenband,spicy chicken
Bami goreng met gesneden varkenshaas en groenten,bami goreng
Spaghetti Bolognese met extra kaas,spaghetti bolognese
Pizza calzone met döner,pizza calzone
Nasi met Moksie Metie,moksi meti
FROKOSTTILBUD - SPAGHETTI BOLOGNESE,spaghetti bolognese
Coca Cola light ,coca cola
Pizza Hawaii 36 cm,pizza hawaii
Insalata Frutti Di Mare,frutti di mare
Fried Tofu With Veggies,fried tofu
Coca Cola Light 1.5L,coca cola
Coca – Cola Zero (33cl),coca cola
"Häagen Dazs Macadamia Nut Brittle, 100 ml",ice cream
Pizza Mexicana (Hot & Spicy),pizza mexicana
Spezial Curry-Mischung mit 3 Sorten Fleisch,curry
Broodje shoarma kaas groot,shoarma sandwich
Mhu Pad Med Mamuang,cashew nuts
"Sake, 0,7 l Flasche",salmon
Pizza Brot mit Knoblauch,pizza bread
sour cream and chive sauce,sour cream
Turkse Pizza met vlees,turkish pizza
Ritter Sport Rum Trauben Nuss,ritter sport
Spaghetti Frutti di Mare,frutti di mare
Ben & Jerrys Chocolate Fudge Brownie,ben and jerrys chocolate fudge brownie
Scampi in Vino bianco,white wine
Babi Pangang 'De Panda',babi pangang
GESNEDEN KIPFILET MET CHAMPIGNONS EN BAMBOE,chicken and mushrooms
27-Spare-ribs van de grill,spare ribs
Insalata Frutti di Mare,frutti di mare
Gebratener Reis mit Meeresfrüchte,fried rice
"House Special Biryani	 ",biryani
Caramel Chew Chew (500ml),meal
"Indisches Bier, 0,33 l",indian beer
King Prawn Puri - Subtly Spiced,prawns
Lamm Palak mit Reis,lamb palak
"Coca Cola light 1,0l",coca cola
Salat mit Hähnchenfleisch und Dressing,chicken salad
Foe Yong hai met kipfilet,egg foo young
Scampis au curry thaï,scampi curry
Ente gebraten mit Pilzen,roast duck
Chicken Nuggets (9 Stück),chicken nuggets
Paglia e Fieno Gamberetti,paglia e fieno
Turkse Pizza met kaas,turkish pizza
spare ribs with thai chilli plum sauce,spare ribs
Turkse Pizza met groente,turkish pizza
California Roll mit Paprika und Gurken,california roll
Maska Chicken - Hot,spicy chicken
MAKI MENU ( 20 STUKS ),maki
"Bourgogne Pinot-Noir, Thomas-Bassot, Bourgogne",red wine
Vegetar Big Roll 8 stk,sushi
Garlic chicken curry balti,chicken curry
"Pizza mit Krabben, Tintenfisch, Thunfisch und Petersilie",crab pizza
Pizza o core napoli,pizza
can of diet coke,diet coke
BAMI MET KIP KERRY,bami goreng chicken
Gebackene Ananas mit Honig und Eis,fried pineapple
Broodje pili pili super,pili pili
Mixed Grill Chicken Menu 5 soorten,grill platter
Garnelen Kung-Pao - scharf,kung pao
"Frascati 0,7 l Flasche",frascati
Broccoli-Kartoffel-Auflauf mit Käse überbacken,potato casserole
Rigatoni al Forno Super,rigatoni al forno
Arizona Green Tea granaatappel,green tea
Spaghetti Aglio Olio Peperoncino,pasta aglio e olio
Falafel Deluxe Burger ,burger
Pizza Kapern & Sardellen,pizza with capers
Panäng Thai Curry (Garnelen),thai curry
Pizza Frutti di Mare,frutti di mare
Fried Bamboo Shoots and Water Chestnuts,bamboo shoots
"Pizza Hawaii, Classic Maxi",pizza hawaii
Mittel Pizza Quattro Formaggi,pizza quattro formaggi
Pizza Alla Greca - sehr scharf,greek pizza
Gebratene Nudeln mit Rindfleisch,fried noodles
Pizza shoarma 28 cm,pizza shoarma
Ente kross gebacken auf Sojasprossen ,crispy duck
"Al shoarma kip, Halal",chicken shoarma
PORTIE SPARE RIBS PITTIG,spare ribs
Chicken Vindaloo (sehr scharf),chicken vindaloo
Pizza Tonno e Cipolle,pizza tonno
Royal Special Roll 7,meal
Knusprige Ente mit chinesischen Pilzen,crispy duck
Ben & Jerry's Cookie Dough 500ml,ben and jerrys cookie dough
Gebratener Reis mit Hühnerfleisch,fried rice
Häagen-Dazs Eiscreme Cookies & Cream,ice cream
Pizza Caprese (33 cm),pizza caprese
Kipspiesjes / Chicken skewers,chicken shashlik
Gebackene Ananas mit Honig,fried pineapple
Mushroom Cheese Burger with side order,cheeseburger
Familien Pizza ca. 50 cm,pizza
Pasta Frutti di Mare,frutti di mare
Mittagsmenü - Pizza Tropical Chickn,pizza
Pizza Prosciutto e Broccoli,pizza prosciutto
Pizza Frutti di Mare,frutti di mare
Broodje doner met patat,döner kebab
Gebratener Reis mit Krabben,fried rice
Foe Yong Hai met biefstuk van haas,egg foo young
Gemüse mit Erdnuss Sauce,peanut sauce
"San Pellegrino, 1,0 l",san pellegrino
B&J Caramel Chew Chew,meal
Varkensvlees met Chinese champignons,chinese mushrooms
Mini nasi met sate,satay
Brood met babi pangang,babi pangang
Kipfilet Schotel met pittige tomatensaus,chicken platter
Roti met lamsvlees (speciaal),lamb roti
Pizza pro Funghi Aglio,pizza funghi
Mihoen goreng met kip,bami goreng
Chinese garnalen met kerriesaus,shrimp
Fanta (1/2 liter fles),fanta
Chinese bamisoep met wan tan,wan tan
Gebakken kipfilet met knoflook en chili,fried chicken
Kip Kerrie Speciaal (stukken),chicken curry
Patat kipfilet ketjap ,chicken with soy sauce
Stokbrood met Kruidenboter ,bread with garlic butter
Saoto soep groot (met ei),soto soup
Chicken Nuggets 8 Stück,chicken nuggets
Spare Ribs 2 personen,spare ribs
Bami goreng met gesneden kip,bami goreng
Chocolate Fudge Brownie 100ml,ben and jerrys chocolate fudge brownie
Nasi goreng met kipfilet en groenten,chicken
Pizza frutti di mare,frutti di mare
Pizza quattro formaggi 31 cm,pizza quattro formaggi
Chinese verse groenten met kipfilet,chicken
Ossensaus met pikante saus,hot sauce
TOUFU PAD PRIK SOD,pad prik
Gesneden biefstuk in Chinese stijl,steak
Ben & Jerrys Cherry Garcia 500 ml,ice cream
Broodje super shoarma lamsvlees,lamb shoarma
Tjap tjoy met gesn. Kipfilet,chop suey
Javaanse Nasi Moksi Metie met eend,moksi meti
Shoarma lams Hawaï bakje,lamb shoarma
Chocolate Fudge Brownie 500ml,ben and jerrys chocolate fudge brownie
Chicken Wings 14 stuks,chicken wings
Kipdöner speciaal grote schotel,döner kebab
Hänchen- oder Putensteak (200g) vom Grill,steak
Kip tandoori Noedel ,chicken tandoori
Broodje Shoarma King Size met gesmolten Kaas,shoarma sandwich
Menu 4 Kip Shoarma,chicken shoarma
Mittagsangebot - Ente mit Chop Suey,chop suey
Chicken Wings (6 Stück),chicken wings
Babi Pangang met zwarte bonensaus,babi pangang
Calamares en Vino Bianco,white wine
Bami Moksi Meti speciaal,moksi meti
Petali di salmone al pepe verde,pepper sauce
"Amerikaanse pizza amore fantasia, 36 cm",pizza
Babi Pangang met Tjaptjoi en saté,babi pangang
Gebratene Nudeln (mit Schweinefleisch),fried noodles
"Spare ribs mix van naturel, hot en zoet (Family Box)",spare ribs
Maaza (mango) tropical ,maaza mango
"Tjaptjoi met ossenhaas, Foe Yong Hai en 2 stuks saté",egg foo young
Risotto Frutti di Mare,frutti di mare
Chicken Nuggets 6 Stück,chicken nuggets
"Heineken 6 pack 0,33cl",heineken beer
Häagen-Dazs Eiscreme Vanilla Caramel Brownie,ice cream
heineken bier krat 24x30cl,heineken beer
Durum kip met feta,chicken döner
Nasi goreng speciaal met kippenbout en geroosterde spareribs,nasi goreng
Chinese garnalen met broccoli,shrimp
Bami rames met saté,ramen
Shoarma met Turks Brood,bread
Broccoli met Chinese garnalen,shrimp
Roti met lamsvlees en groenten,lamb roti
Gai Pad Med Mamuang,gai phad
Special Rice with egg and peas,rice
Chinese grote garnalen en groenten,fried shrimps
Huiswijn rood 2 L,red wine
Jus dorange / kiwi klein,orange juice
Nasi met Chin. Garnalen en groenten,fried shrimps
Pizza frutti di Mare,frutti di mare
Pizza Spinaci al Aglio,pizza spinaci
Shanghai Loempias met tja sieuw,char siu
Pizza Salami und Schinken,pizza salami
"American burger (bacon, kaas en bbq saus)",burger
Chicken Wings mit Pommes,chicken wings
"Cola, fles 1.5l ",coca cola
Miehoen goreng (kleine portie),bami goreng
Loempia met babi pangang\r,babi pangang
DÖNER EN HETE KIPFILET,spicy chicken
Pizza Spinaci al Aglio,pizza spinaci
mineral water bottle 1.5l,water
Ekmek arasi döner/Broodje döner,döner kebab
Ben & Jerry`s - Cookie Dough,ben and jerrys cookie dough
Mini Tjap Tjoy met Kipfilet,chop suey
Calzone Special (gevulde pizza),calzone
Grote schotel gegrilde kipfilet,grilled chicken
Varkenshaas circa 200 gram,meat
Tjap Tjoy met gesneden biefstuk,chop suey
Amerikaanse pizza shoarma 31 cm,pizza shoarma
